id_mesure,date,batiment,type_batiment,zone,temperature,humidite,co2,occupation,consommation_kwh,mode_climatisation,etat_systeme,jour_semaine,alerte
1174,2025-02-13 06:00:00,B8,Entrepôt,A,23.0,40.0,851.0,26.0,138.4,Eco,Normal,Jeudi,Non
1275,2025-03-10 12:00:00,B7,Bureau,D,28.0,69.0,538.0,0.0,170.2,Eco,Normal,Lundi,Non
1493,2025-05-04 00:00:00,B5,Centre commercial,B,19.5,52.3,1198.0,64.0,149.8,Normal,Normal,Dimanche,Oui
1073,2025-01-19 00:00:00,B6,Université,D,20.0,58.4,1014.0,30.0,141.6,Normal,Normal,Dimanche,Non
1454,2025-04-24 06:00:00,B7,Bureau,D,26.8,70.5,628.0,42.0,228.3,Normal,Normal,Jeudi,Non
1077,2025-01-20 00:00:00,B3,Hôpital,D,24.2,51.5,624.0,52.0,171.9,Eco,Normal,Lundi,Non
1317,2025-03-21 00:00:00,B4,Bureau,B,25.1,64.4,747.0,0.0,130.5,Normal,Normal,Vendredi,Non
1141,2025-02-05 00:00:00,B2,École,D,72.5,78.3,257.0,100.0,239.7,Boost,Alerte,Mercredi,Non
1473,2025-04-29 00:00:00,B5,Centre commercial,C,24.0,78.4,751.0,0.0,82.9,Normal,Panne,Mardi,Non
1118,2025-01-30 06:00:00,B1,Bureau,A,22.0,,479.0,64.0,145.0,Normal,Normal,Jeudi,Non
1219,2025-02-24 12:00:00,B8,Entrepôt,C,27.4,49.2,877.0,72.0,214.4,Normal,Normal,Lundi,Non
1010,2025-01-03 06:00:00,B4,Bureau,D,27.0,61.2,555.0,55.0,171.3,Normal,Normal,Vendredi,Non
1416,2025-04-14 18:00:00,B5,Centre commercial,D,24.3,53.1,1077.0,70.0,183.6,Normal,Normal,Lundi,Oui
1079,2025-01-20 12:00:00,B2,École,A,26.9,49.3,594.0,37.0,231.0,Boost,Normal,Lundi,Non
1324,2025-03-22 18:00:00,B5,Centre commercial,B,24.7,52.8,1051.0,52.0,133.9,Eco,Normal,Samedi,Oui
1475,2025-04-29 12:00:00,B3,Hôpital,A,29.2,68.6,859.0,14.0,169.3,Normal,Alerte,Mardi,Non
1125,2025-02-01 00:00:00,B5,Centre commercial,B,20.7,74.8,889.0,55.0,156.3,Normal,Normal,Samedi,Non
1425,2025-04-17 00:00:00,B7,Bureau,C,21.6,52.0,633.0,22.0,121.2,Normal,Normal,Jeudi,Non
1196,2025-02-18 18:00:00,B7,Bureau,D,26.0,67.3,574.0,51.0,204.7,Normal,Normal,Mardi,Non
1450,2025-04-23 06:00:00,B1,Bureau,B,25.9,56.0,1205.0,21.0,128.8,Normal,Normal,Mercredi,Oui
1272,2025-03-09 18:00:00,B3,Hôpital,B,26.7,56.5,1364.0,51.0,237.5,Boost,Alerte,Dimanche,Oui
1279,2025-03-11 12:00:00,B2,École,B,25.1,56.4,568.0,57.0,184.5,Normal,Normal,Mardi,Non
1031,2025-01-08 12:00:00,B2,École,D,26.1,57.6,648.0,-5.0,170.0,Eco,Normal,Mercredi,Non
1264,2025-03-07 18:00:00,B1,Bureau,B,21.1,38.3,1034.0,74.0,199.2,Normal,Panne,Vendredi,Oui
1423,2025-04-16 12:00:00,B7,Bureau,D,24.2,56.9,707.0,0.0,80.0,Eco,Normal,Mercredi,Non
1447,2025-04-22 12:00:00,B7,Bureau,A,27.7,46.6,613.0,20.0,116.0,Eco,Normal,Mardi,Non
1080,2025-01-20 18:00:00,B1,Bureau,D,26.4,56.3,668.0,41.0,208.9,Boost,Normal,Lundi,Non
1456,2025-04-24 18:00:00,B5,Centre commercial,D,26.8,61.3,843.0,59.0,186.9,Normal,Normal,Jeudi,Non
1211,2025-02-22 12:00:00,B6,Université,D,16.6,42.3,6000.0,40.0,82.5,Eco,Panne,Samedi,Non
1499,2025-05-05 12:00:00,B4,Bureau,B,25.2,66.3,631.0,42.0,144.5,Eco,Normal,Lundi,Non
1173,2025-02-13 00:00:00,B8,Entrepôt,C,27.9,27.6,1000.0,62.0,220.9,Eco,Normal,Jeudi,Oui
1321,2025-03-22 00:00:00,B5,Centre commercial,A,23.6,45.0,934.0,93.0,232.7,Normal,Normal,Samedi,Oui
1376,2025-04-04 18:00:00,B5,Centre commercial,B,19.4,68.0,560.0,20.0,70.1,Eco,Normal,Vendredi,Non
1363,2025-04-01 12:00:00,B6,Université,B,,68.0,728.0,83.0,205.9,Eco,Normal,Mardi,Non
1469,2025-04-28 00:00:00,B1,Bureau,D,21.7,74.6,872.0,35.0,133.4,Eco,Normal,Lundi,Oui
1154,2025-02-08 06:00:00,B6,Université,B,25.7,57.0,771.0,76.0,247.5,Boost,Normal,Samedi,Non
1003,2025-01-01 12:00:00,B7,Bureau,A,21.3,53.4,899.0,25.0,118.1,Normal,Normal,Mercredi,Non
1337,2025-03-26 00:00:00,B8,Entrepôt,A,20.3,56.7,1113.0,74.0,,Normal,Normal,Mercredi,Oui
1209,2025-02-22 00:00:00,B7,Bureau,D,21.4,80.2,520.0,49.0,152.5,Normal,Alerte,Samedi,Non
1074,2025-01-19 06:00:00,B5,Centre commercial,A,21.2,62.3,785.0,18.0,101.5,Normal,Normal,Dimanche,Non
1498,2025-05-05 06:00:00,B8,Entrepôt,C,26.4,61.0,760.0,44.0,133.7,Eco,Normal,Lundi,Non
1308,2025-03-18 18:00:00,B2,École,D,25.3,31.4,748.0,34.0,167.9,Eco,Normal,Mardi,Non
1205,2025-02-21 00:00:00,B4,Bureau,A,25.0,75.4,,63.0,193.9,Normal,Normal,Vendredi,Non
1069,2025-01-18 00:00:00,B2,École,D,23.7,40.5,490.0,54.0,185.2,Normal,Normal,Samedi,Non
1091,2025-01-23 12:00:00,B5,Centre commercial,B,28.3,72.8,5200.0,44.0,171.5,Eco,Normal,Jeudi,Oui
1392,2025-04-08 18:00:00,B7,Bureau,C,23.3,59.1,1254.0,28.0,106.7,Eco,Normal,Mardi,Oui
1034,2025-01-09 06:00:00,B2,École,C,29.2,64.4,356.0,57.0,244.0,Boost,Normal,Jeudi,Non
1071,2025-01-18 12:00:00,B2,ÉCOLE,C,21.6,58.8,645.0,33.0,137.4,Boost,Normal,Samedi,Non
1472,2025-04-28 18:00:00,B3,Hôpital,C,31.2,58.1,531.0,30.0,224.2,Boost,Normal,Lundi,Non
1001,2025-01-01 00:00:00,B8,Entrepôt,A,21.5,40.1,1031.0,50.0,150.4,Normal,Normal,Mercredi,Oui
1012,2025-01-03 18:00:00,B5,Centre commercial,C,22.9,58.5,544.0,43.0,172.2,Normal,Normal,Vendredi,Non
1282,2025-03-12 06:00:00,B1,Bureau,B,22.2,64.9,1022.0,40.0,136.7,Normal,Normal,Mercredi,Oui
1023,2025-01-06 12:00:00,B1,Bureau,B,,66.1,1299.0,75.0,187.0,Normal,Normal,Lundi,Oui
1102,2025-01-26 06:00:00,B4,Bureau,C,21.3,38.5,1046.0,33.0,114.0,Normal,Normal,Dimanche,Oui
1269,2025-03-09 00:00:00,B5,Centre commercial,B,29.7,48.3,1084.0,71.0,239.5,Eco,Normal,Dimanche,Oui
1487,2025-05-02 12:00:00,B5,Centre commercial,B,24.7,56.8,845.0,53.0,207.1,Normal,Normal,Vendredi,Non
1479,2025-04-30 12:00:00,B3,Hôpital,B,23.9,68.9,644.0,27.0,162.5,Normal,Normal,Mercredi,Non
1291,2025-03-14 12:00:00,B8,Entrepôt,B,20.5,49.8,497.0,13.0,64.8,Eco,Alerte,Vendredi,Non
1085,2025-01-22 00:00:00,B4,Bureau,A,19.4,54.6,826.0,36.0,120.1,Normal,Normal,Mercredi,Non
1246,2025-03-03 06:00:00,B5,Centre commercial,A,24.2,108.0,813.0,18.0,-15.0,Normal,Normal,Lundi,Non
1064,2025-01-16 18:00:00,B1,Bureau,C,26.1,62.3,915.0,17.0,144.2,Normal,Normal,Jeudi,Oui
1056,2025-01-14 18:00:00,B6,ecole,C,21.4,68.7,1022.0,62.0,224.4,Boost,Normal,Mardi,Oui
1230,2025-02-27 06:00:00,B8,Entrepôt,C,20.1,40.5,850.0,45.0,179.3,Boost,Normal,Jeudi,Non
1019,2025-01-05 12:00:00,B8,Entrepôt,D,14.5,57.0,769.0,10.0,45.9,Normal,Normal,Dimanche,Non
1352,2025-03-29 18:00:00,B6,Université,B,28.6,64.9,758.0,66.0,276.3,Boost,Normal,Samedi,Non
1210,2025-02-22 06:00:00,B6,Université,B,21.5,80.5,918.0,0.0,47.2,Eco,Normal,Samedi,Non
1397,2025-04-10 00:00:00,B8,Entrepôt,A,20.4,53.2,710.0,7.0,84.9,Normal,Normal,Jeudi,Non
1083,2025-01-21 12:00:00,B4,Bureau,C,25.8,74.3,995.0,58.0,188.7,Eco,Normal,Mardi,Oui
1040,2025-01-10 18:00:00,B7,Bureau,A,,52.6,1079.0,8.0,157.0,Boost,Normal,Vendredi,Oui
1458,2025-04-25 06:00:00,B8,Entrepôt,C,27.8,74.3,297.0,63.0,205.4,Eco,Normal,Vendredi,Non
1047,2025-01-12 12:00:00,B1,Bureau,D,22.6,51.0,1056.0,61.0,182.6,Normal,Normal,Dimanche,Oui
1415,2025-04-14 12:00:00,B8,Entrepôt,A,25.2,71.2,687.0,34.0,152.2,Normal,Panne,Lundi,Non
1461,2025-04-26 00:00:00,B6,Université,D,25.1,84.9,639.0,36.0,201.2,Boost,Normal,Samedi,Non
1356,2025-03-30 18:00:00,B8,Entrepôt,D,24.1,62.1,823.0,40.0,141.9,Eco,Alerte,Dimanche,Non
1078,2025-01-20 06:00:00,B7,Bureau,D,21.6,70.6,545.0,54.0,172.4,,Normal,Lundi,Non
1400,2025-04-10 18:00:00,B8,Entrepôt,A,24.9,58.1,884.0,30.0,137.6,Eco,Normal,Jeudi,Non
1105,2025-01-27 00:00:00,B8,Entrepôt,C,20.1,49.8,487.0,50.0,120.4,Normal,Normal,Lundi,Non
1204,2025-02-20 18:00:00,B1,Bureau,C,,55.3,1030.0,59.0,183.5,Normal,Normal,Jeudi,Oui
1383,2025-04-06 12:00:00,B8,Entrepôt,D,22.1,71.9,731.0,23.0,80.4,Eco,Normal,Dimanche,Non
1491,2025-05-03 12:00:00,B4,Bureau,A,27.5,82.2,366.0,0.0,129.3,Normal,Normal,Samedi,Non
1070,2025-01-18 06:00:00,B1,Bureau,A,23.0,74.7,669.0,60.0,156.7,Normal,Alerte,Samedi,Non
1410,2025-04-13 06:00:00,B1,Bureau,B,27.4,79.3,680.0,16.0,217.0,Boost,Normal,Dimanche,Non
1256,2025-03-05 18:00:00,B1,Bureau,D,27.8,45.0,1175.0,25.0,169.9,Normal,Alerte,Mercredi,Oui
1394,2025-04-09 06:00:00,B4,Bureau,B,23.9,74.7,430.0,43.0,185.0,Boost,Normal,Mercredi,Non
1313,2025-03-20 00:00:00,B6,Université,B,27.3,43.1,685.0,32.0,202.2,Boost,Normal,Jeudi,Non
1235,2025-02-28 12:00:00,B1,Bureau,D,23.7,56.5,1071.0,47.0,133.2,Normal,Normal,Vendredi,Oui
1462,2025-04-26 06:00:00,B5,Centre commercial,D,14.6,75.2,602.0,34.0,125.8,Normal,Normal,Samedi,Non
1325,2025-03-23 00:00:00,B2,École,D,23.4,42.8,351.0,66.0,175.0,Normal,Normal,Dimanche,Non
1094,2025-01-24 06:00:00,B1,Bureau,D,25.2,74.2,903.0,22.0,122.1,Normal,Normal,Vendredi,Oui
1138,2025-02-04 06:00:00,B8,Entrepôt,B,22.0,54.2,1102.0,47.0,233.7,Boost,Normal,Mardi,Oui
1177,2025-02-14 00:00:00,B8,Entrepôt,A,21.1,53.9,795.0,78.0,188.2,Normal,Normal,Vendredi,Non
1403,2025-04-11 12:00:00,B7,Bureau,B,16.0,61.0,445.0,73.0,189.1,Boost,Normal,Vendredi,Non
1132,2025-02-02 18:00:00,B8,Entrepôt,B,24.8,52.7,394.0,48.0,167.5,Normal,Normal,Dimanche,Non
1347,2025-03-28 12:00:00,B2,École,A,20.4,67.5,552.0,52.0,150.5,Eco,Normal,Vendredi,Non
1366,2025-04-02 06:00:00,B6,Université,D,22.4,63.7,876.0,61.0,173.5,Normal,Normal,Mercredi,Oui
1133,2025-02-03 00:00:00,B4,Bureau,C,22.0,61.2,898.0,50.0,158.4,Normal,Normal,Lundi,Non
1372,2025-04-03 18:00:00,B8,Entrepôt,A,25.4,50.9,1070.0,53.0,154.6,Eco,Normal,Jeudi,Oui
1483,2025-05-01 12:00:00,B2,École,B,27.0,39.9,717.0,62.0,217.0,Normal,Normal,Jeudi,Non
1438,2025-04-20 06:00:00,B6,Université,A,22.2,73.8,1091.0,34.0,108.1,Normal,Alerte,Dimanche,Oui
1413,2025-04-14 00:00:00,B7,Bureau,D,25.5,63.9,712.0,29.0,141.5,Eco,Normal,Lundi,Non
1087,2025-01-22 12:00:00,B6,Université,A,24.8,54.2,902.0,0.0,103.9,Normal,Normal,Mercredi,Non
1076,2025-01-19 18:00:00,B6,Université,A,25.1,74.4,854.0,88.0,244.6,Normal,Normal,Dimanche,Non
1445,2025-04-22 00:00:00,B5,Centre commercial,B,24.0,53.7,407.0,7.0,69.8,Eco,Normal,Mardi,Non
1016,2025-01-04 18:00:00,B6,Université,B,26.9,145.0,670.0,28.0,175.9,Normal,Normal,Samedi,Non
1333,2025-03-25 00:00:00,B6,Université,C,24.9,39.2,936.0,101.0,231.7,Eco,Normal,Mardi,Non
1391,2025-04-08 12:00:00,B4,Bureau,B,24.0,63.7,995.0,58.0,200.8,Normal,Normal,Mardi,Oui
1020,2025-01-05 18:00:00,B7,Bureau,D,22.3,61.1,940.0,73.0,175.0,Eco,Normal,Dimanche,Oui
1326,2025-02-30 08:00:00,B6,Université,B,22.2,,346.0,52.0,171.9,Eco,Normal,,Non
1336,2025-03-25 18:00:00,B1,Bureau,B,28.6,50.3,1005.0,76.0,247.7,Eco,Normal,Mardi,Oui
1057,2025-01-15 00:00:00,B4,Bureau,A,24.8,65.4,877.0,93.0,234.5,Eco,Normal,Mercredi,Non
1439,2025-04-20 12:00:00,B2,École,C,23.5,59.2,807.0,48.0,142.0,,Alerte,Dimanche,Non
1411,2025-04-13 12:00:00,B2,École,B,21.8,64.2,448.0,34.0,124.6,Eco,Normal,Dimanche,Non
1335,2025-03-25 12:00:00,B8,Entrepôt,C,22.5,47.9,314.0,55.0,148.4,Eco,Normal,Mardi,Non
1182,2025-02-15 06:00:00,B3,Hôpital,A,25.5,78.6,820.0,2.0,128.4,Boost,Normal,Samedi,Non
1228,2025-02-26 18:00:00,B8,Entrepôt,A,24.0,48.4,793.0,89.0,236.2,Normal,Normal,Mercredi,Non
1429,2025-04-18 00:00:00,B7,Bureau,B,27.2,73.4,1106.0,73.0,215.1,Normal,Normal,Vendredi,Oui
1181,2025-02-15 00:00:00,B6,Université,A,96.0,86.5,874.0,115.0,241.5,Normal,Normal,Samedi,Non
1026,2025-01-07 06:00:00,B6,BUREAU,A,23.0,74.3,952.0,89.0,247.6,Normal,Normal,Mardi,Oui
1495,2025-05-04 12:00:00,B4,Bureau,D,25.5,62.4,861.0,90.0,278.8,Boost,Normal,Dimanche,Non
1239,2025-03-01 12:00:00,B4,Bureau,A,21.0,46.2,1091.0,18.0,91.2,Normal,Normal,Samedi,Oui
1245,2025-03-03 00:00:00,B3,Hôpital,B,25.4,50.4,798.0,57.0,168.0,Eco,Normal,Lundi,Non
1251,2025-03-04 12:00:00,B6,Université,A,26.5,,492.0,44.0,218.2,Boost,Normal,Mardi,Non
1430,2025-04-18 06:00:00,B1,Bureau,C,27.7,46.8,89.0,79.0,223.6,Eco,Alerte,Vendredi,Non
1118,2025-01-30 06:00:00,B1,Bureau,A,22.0,,479.0,64.0,145.0,Normal,Normal,Jeudi,Non
1043,2025-01-11 12:00:00,B2,École,A,24.8,56.9,308.0,50.0,161.9,Eco,Normal,Samedi,Non
1323,2025-03-22 12:00:00,B4,Bureau,C,23.0,23.7,830.0,77.0,212.6,Normal,Normal,Samedi,Non
1348,2025-03-28 18:00:00,B5,Centre commercial,D,22.8,60.2,920.0,44.0,144.1,Boost,Alerte,Vendredi,Non
1183,2025-02-15 12:00:00,B1,Bureau,B,22.3,52.1,888.0,27.0,99.1,Normal,Normal,Samedi,Oui
1156,2025-02-08 18:00:00,B1,Bureau,A,,160.0,941.0,37.0,149.8,Eco,Normal,Samedi,Oui
1281,2025-03-12 00:00:00,B3,Hôpital,A,24.3,47.0,528.0,60.0,179.3,Normal,Normal,Mercredi,Non
1127,2025-02-01 12:00:00,B8,Entrepôt,B,19.4,43.2,810.0,68.0,208.8,Boost,Normal,Samedi,Non
1330,2025-03-24 06:00:00,B1,Bureau,D,25.0,79.0,709.0,54.0,174.3,Eco,Normal,Lundi,Non
1032,2025-01-08 18:00:00,B1,Bureau,A,21.8,53.7,1135.0,28.0,121.4,Normal,Alerte,Mercredi,Oui
1114,2025-01-29 06:00:00,B4,Bureau,C,18.3,71.9,564.0,84.0,205.3,Normal,Normal,Mercredi,Non
1149,2025-02-07 00:00:00,B5,Centre commercial,C,23.0,55.0,888.0,25.0,100.7,Normal,Normal,Vendredi,Non
1432,2025-04-18 18:00:00,B1,Bureau,A,25.7,68.9,1066.0,29.0,144.8,Normal,Normal,Vendredi,Oui
1339,2025-03-26 12:00:00,B5,Centre commercial,B,18.0,59.7,609.0,0.0,40.1,Normal,Normal,Mercredi,Non
1058,2025-01-15 06:00:00,B5,Centre commercial,C,23.4,58.2,795.0,26.0,129.5,Normal,Normal,Mercredi,Non
1195,2025-02-18 12:00:00,B3,Hôpital,B,26.6,41.2,460.0,98.0,280.4,Normal,Normal,Mardi,Non
1025,2025-01-07 00:00:00,B6,Université,D,19.0,42.2,836.0,13.0,107.0,Normal,Normal,Mardi,Non
1018,2025-01-05 06:00:00,B8,Entrepôt,C,19.2,64.6,899.0,51.0,155.4,Normal,Normal,Dimanche,Oui
1299,2025-03-16 12:00:00,B4,Bureau,D,24.0,57.7,985.0,56.0,180.6,Normal,Normal,Dimanche,Oui
1067,2025-01-17 12:00:00,B3,Hôpital,C,24.9,58.3,680.0,74.0,200.3,Normal,Normal,Vendredi,Non
1212,2025-02-22 18:00:00,B1,Bureau,A,,,1390.0,45.0,145.6,Normal,Normal,Samedi,Oui
1406,2025-04-12 06:00:00,B6,Université,D,22.2,74.7,632.0,63.0,208.1,Normal,Normal,Samedi,Non
1095,2025-01-24 12:00:00,B8,Entrepôt,B,16.3,59.9,1106.0,55.0,168.6,Normal,Normal,Vendredi,Oui
1155,2025-02-08 12:00:00,B6,Université,A,19.2,77.6,467.0,43.0,156.4,Boost,Normal,Samedi,Non
1443,2025-04-21 12:00:00,B5,Centre commercial,A,23.3,64.9,1028.0,45.0,157.3,Eco,Normal,Lundi,Oui
1024,2025-01-06 18:00:00,B1,Bureau,D,25.5,61.5,852.0,61.0,217.8,Normal,Alerte,Lundi,Non
1226,2025-02-26 06:00:00,B1,Bureau,B,26.2,51.1,274.0,69.0,247.7,Boost,Normal,Mercredi,Non
1435,2025-04-19 12:00:00,B5,Centre commercial,A,23.0,54.4,558.0,0.0,51.7,Normal,Normal,Samedi,Non
1449,2025-04-23 00:00:00,B2,École,A,25.0,59.8,496.0,39.0,122.7,Eco,Normal,Mercredi,Non
1006,2025-01-02 06:00:00,B3,Hôpital,B,25.2,74.8,815.0,59.0,171.5,Normal,Panne,Jeudi,Non
1117,2025-01-30 00:00:00,B5,Centre commercial,D,28.1,64.2,1123.0,27.0,163.0,Normal,Normal,Jeudi,Oui
1046,2025-01-12 06:00:00,B2,École,B,21.0,59.4,894.0,33.0,-50.0,Normal,Normal,Dimanche,Non
1017,2025-01-05 00:00:00,B3,Hôpital,C,21.7,52.0,1138.0,56.0,126.0,Eco,Normal,Dimanche,Oui
1470,2025-04-28 06:00:00,B2,École,A,28.4,55.6,574.0,47.0,180.0,Normal,Normal,Lundi,Non
1361,2025-04-01 00:00:00,B3,Hôpital,D,34.2,60.9,828.0,41.0,270.3,Normal,Normal,Mardi,Non
1004,2025-01-01 18:00:00,B1,,B,26.1,51.2,863.0,11.0,94.6,Eco,Normal,Mercredi,Non
1407,2025-04-12 12:00:00,B5,Centre commercial,D,22.7,50.5,547.0,4.0,65.7,Normal,Normal,Samedi,Non
1186,2025-02-16 06:00:00,B8,Entrepôt,B,24.9,125.0,,18.0,123.5,Normal,Normal,Dimanche,Non
1061,2025-01-16 00:00:00,B5,Centre commercial,D,88.0,50.5,393.0,62.0,196.6,Normal,Alerte,Jeudi,Non
1111,2025-01-28 12:00:00,B7,Bureau,D,22.3,,897.0,67.0,229.3,Boost,Normal,Mardi,Non
1322,2025-03-22 06:00:00,B7,Bureau,B,20.0,71.8,820.0,45.0,101.9,Normal,Normal,Samedi,Non
1266,2025-03-08 06:00:00,B1,Bureau,D,23.0,75.2,671.0,43.0,157.9,Eco,Normal,Samedi,Non
1030,2025-01-08 06:00:00,B4,Bureau,D,25.1,44.7,870.0,49.0,221.6,Boost,Normal,Mercredi,Non
1263,2025-03-07 12:00:00,B1,Bureau,D,22.8,54.9,702.0,44.0,141.6,Eco,Normal,Vendredi,Non
1480,2025-04-30 18:00:00,B1,Bureau,D,,57.5,936.0,26.0,100.6,Eco,Normal,Mercredi,Oui
1027,2025-01-07 12:00:00,B8,Entrepôt,A,24.3,51.0,1035.0,61.0,194.4,Eco,Normal,Mardi,Oui
1008,2025-01-02 18:00:00,B5,Centre commercial,A,25.5,,563.0,69.0,236.0,,Normal,Jeudi,Non
1476,2025-04-29 18:00:00,B3,Hôpital,A,24.4,48.3,666.0,12.0,142.8,Normal,Normal,Mardi,Non
1109,2025-01-28 00:00:00,B5,Centre commercial,B,19.9,49.1,911.0,47.0,151.6,Normal,Normal,Mardi,Non
1038,2025-01-10 06:00:00,B6,Université,C,23.4,64.4,775.0,43.0,194.1,Boost,Normal,Vendredi,Non
1158,2025-02-09 06:00:00,B2,École,B,24.6,50.5,976.0,55.0,186.5,Eco,Normal,Dimanche,Oui
1474,2025-04-29 06:00:00,B5,Centre commercial,B,25.3,61.3,679.0,0.0,126.0,Normal,Panne,Mardi,Non
1119,2025-01-30 12:00:00,B3,Hôpital,D,22.0,43.8,745.0,38.0,131.9,Eco,Alerte,Jeudi,Non
1115,2025-01-29 12:00:00,B5,Centre commercial,A,25.6,70.6,807.0,51.0,196.3,Normal,Normal,Mercredi,Oui
1176,2025-02-13 18:00:00,B8,Entrepôt,D,23.9,52.6,556.0,21.0,115.3,normal,Normal,Jeudi,Non
1193,2025-02-18 00:00:00,B7,Bureau,A,25.2,61.4,646.0,60.0,224.8,Normal,Normal,Mardi,Non
1273,2025-03-10 00:00:00,B4,Bureau,B,26.0,77.9,573.0,72.0,209.7,Normal,Normal,Lundi,Non
1145,2025-02-06 00:00:00,B1,Bureau,D,29.2,46.3,527.0,47.0,187.0,Normal,Normal,Jeudi,Non
1374,2025-04-04 06:00:00,B3,Hôpital,B,26.1,54.0,485.0,84.0,279.9,Normal,Normal,Vendredi,Non
1385,2025-13-45 10:00:00,B7,Bureau,B,24.9,38.8,1029.0,17.0,124.8,Eco,Normal,,Non
1357,2025-03-31 00:00:00,B1,Bureau,B,29.6,62.3,1031.0,0.0,202.6,Boost,Normal,Lundi,Oui
1278,2025-03-11 06:00:00,B2,École,A,26.0,51.6,566.0,40.0,168.5,Normal,Normal,Mardi,Non
1221,2025-02-25 00:00:00,B8,Entrepôt,D,-25.0,48.5,711.0,34.0,115.0,Normal,Normal,Mardi,Non
1452,2025-04-23 18:00:00,B8,Entrepôt,B,23.7,21.5,541.0,52.0,183.1,Boost,Normal,Mercredi,Non
1142,2025-02-05 06:00:00,B3,Hôpital,D,28.4,55.8,1202.0,32.0,243.3,Boost,Normal,Mercredi,Oui
1370,2025-04-03 06:00:00,B1,Bureau,D,24.0,62.6,654.0,0.0,106.5,Normal,Normal,Jeudi,Non
1068,2025-01-17 18:00:00,B7,Bureau,C,30.5,86.3,732.0,116.0,336.2,Eco,Normal,Vendredi,Non
1362,2025-04-01 06:00:00,B7,Bureau,A,26.7,48.2,552.0,28.0,193.6,Boost,Normal,Mardi,Non
1169,2025-02-12 00:00:00,B8,Entrepôt,A,25.9,65.4,763.0,51.0,176.2,Eco,Normal,Mercredi,Non
1026,2025-01-07 06:00:00,B6,BUREAU,A,23.0,74.3,952.0,89.0,247.6,Normal,Normal,Mardi,Oui
1381,2025-04-06 00:00:00,B8,Entrepôt,A,19.7,43.5,770.0,73.0,205.1,Boost,Normal,Dimanche,Non
1419,2025-04-15 12:00:00,B1,Bureau,C,22.0,50.0,969.0,23.0,84.7,Eco,Normal,Mardi,Non
1194,2025-02-18 06:00:00,B2,École,D,23.5,62.0,753.0,36.0,154.1,Normal,Normal,Mardi,Non
1250,2025-03-04 06:00:00,B2,École,A,24.5,47.5,1040.0,19.0,144.2,Normal,Normal,Mardi,Oui
1110,2025-01-28 06:00:00,B2,École,D,22.6,71.7,929.0,65.0,198.4,Boost,Normal,Mardi,Oui
1422,2025-04-16 06:00:00,B2,École,B,19.9,64.8,855.0,36.0,162.7,Boost,Normal,Mercredi,Oui
1146,2025-02-06 06:00:00,B7,Bureu,C,32.2,53.8,621.0,103.0,-20.0,Normal,Normal,Jeudi,Non
1093,2025-01-24 00:00:00,B1,Bureau,A,23.2,50.0,289.0,0.0,117.2,Boost,Normal,Vendredi,Non
1153,2025-02-08 00:00:00,B5,Centre commercial,B,25.9,55.9,822.0,53.0,240.3,Boost,Normal,Samedi,Non
1223,2025-02-25 12:00:00,B5,Centre commercial,B,23.3,84.4,1066.0,60.0,157.3,Eco,Normal,Mardi,Oui
1305,2025-03-18 00:00:00,B1,Bureau,B,21.6,59.0,422.0,56.0,154.8,Eco,Normal,Mardi,Non
1084,2025-01-21 18:00:00,B2,École,A,24.6,56.1,439.0,40.0,206.3,Boost,Normal,Mardi,Non
1249,2025-03-04 00:00:00,B2,École,A,24.9,60.9,696.0,22.0,172.7,Boost,Normal,Mardi,Non
1166,2025-02-11 06:00:00,B2,École,C,23.4,68.6,1125.0,63.0,208.2,Normal,Normal,Mardi,Oui
1164,2025-02-10 18:00:00,B3,Hôpital,C,22.8,69.4,653.0,48.0,185.6,Boost,Normal,Lundi,Non
1200,2025-02-19 18:00:00,B1,Bureau,C,22.5,40.5,974.0,45.0,190.1,Normal,Normal,Mercredi,Oui
1232,2025-02-27 18:00:00,B4,Bureau,D,26.2,30.0,693.0,43.0,205.6,Normal,Normal,Jeudi,Non
1075,2025-01-19 12:00:00,B7,Bureau,C,23.8,55.2,726.0,9.0,136.5,Normal,Normal,Dimanche,Non
1312,2025-03-19 18:00:00,B3,Hôpital,C,27.4,49.1,784.0,26.0,180.7,Normal,Normal,Mercredi,Non
1457,2025-04-25 00:00:00,B1,Bureau,C,25.6,40.3,525.0,21.0,104.3,Normal,Normal,Vendredi,Non
1254,2025-03-05 06:00:00,B1,Bureau,C,16.8,75.6,847.0,37.0,171.2,Boost,Normal,Mercredi,Oui
1120,2025-01-30 18:00:00,B1,Bureau,B,25.7,65.4,1146.0,32.0,150.9,Eco,Normal,Jeudi,Oui
1285,2025-03-13 00:00:00,B1,Bureau,D,29.5,75.4,712.0,55.0,230.9,Boost,Normal,Jeudi,Non
1303,2025-03-17 12:00:00,B5,Centre commercial,B,20.5,81.0,892.0,69.0,166.7,Normal,Normal,Lundi,Non
1485,2025-05-02 00:00:00,B5,Centre commercial,D,23.1,58.3,763.0,33.0,128.2,Normal,Normal,Vendredi,Non
1358,2025-03-31 06:00:00,B1,Bureau,A,23.7,50.7,461.0,40.0,129.8,Eco,Normal,Lundi,Non
1405,2025-04-12 00:00:00,B8,Entrepôt,B,21.3,48.9,1066.0,0.0,59.4,Normal,Alerte,Samedi,Oui
1229,2025-02-27 00:00:00,B5,Centre commercial,B,,25.2,577.0,23.0,143.6,Boost,Alerte,Jeudi,Non
1262,2025-03-07 06:00:00,B2,École,B,25.7,35.3,895.0,26.0,158.5,Normal,Normal,Vendredi,Non
1238,2025-03-01 06:00:00,B2,École,C,19.2,66.4,1282.0,25.0,92.3,Normal,Normal,Samedi,Oui
1427,2025-04-17 12:00:00,B7,Bureau,B,25.8,38.2,952.0,2.0,106.1,Normal,Normal,Jeudi,Non
1478,2025-04-30 06:00:00,B5,Centre commercial,B,23.6,62.5,763.0,15.0,110.1,Eco,Normal,Mercredi,Non
1037,2025-01-10 00:00:00,B7,Bureau,C,28.3,61.9,764.0,48.0,,Normal,Normal,Vendredi,Non
1197,2025-02-19 00:00:00,B8,Entrepôt,B,28.0,47.4,691.0,0.0,130.3,Eco,Alerte,Mercredi,Non
1140,2025-02-04 18:00:00,B4,Bureau,C,22.3,53.8,1092.0,50.0,150.3,Normal,Normal,Mardi,Oui
1369,2025-04-03 00:00:00,B3,Hôpital,C,24.9,80.0,934.0,15.0,181.8,Boost,Normal,Jeudi,Oui
1248,2025-03-03 18:00:00,B4,Bureau,C,23.4,58.0,474.0,85.0,215.6,Normal,Normal,Lundi,Non
1288,2025-03-13 18:00:00,B8,Entrepôt,B,28.3,61.5,1229.0,68.0,213.2,Eco,Normal,Jeudi,Oui
1396,2025-04-09 18:00:00,B3,Hôpital,D,27.0,22.6,1161.0,65.0,213.9,Normal,Normal,Mercredi,Oui
1060,2025-01-15 18:00:00,B5,Centre commercial,C,23.5,46.7,763.0,20.0,161.0,Boost,Normal,Mercredi,Non
1112,2025-01-28 18:00:00,B6,Université,D,26.6,62.9,877.0,25.0,174.2,Normal,Normal,Mardi,Non
1090,2025-01-23 06:00:00,B3,Hôpital,D,19.3,59.7,517.0,13.0,92.5,Eco,Alerte,Jeudi,Non
1267,2025-03-08 12:00:00,B2,École,D,20.8,47.4,662.0,62.0,163.9,Normal,Normal,Samedi,Non
1007,2025-01-02 12:00:00,B8,Entrepôt,B,23.1,78.5,671.0,51.0,212.2,Boost,Normal,Jeudi,Non
1365,2025-04-02 00:00:00,B8,Entrepôt,A,,54.0,666.0,61.0,180.5,Normal,Alerte,Mercredi,Non
1402,2025-04-11 06:00:00,B2,École,A,22.6,44.0,868.0,62.0,172.5,Eco,Normal,Vendredi,Non
1342,2025-03-27 06:00:00,B8,Entrepôt,C,23.6,37.9,1194.0,82.0,201.6,Eco,Normal,Jeudi,Oui
1159,2025-02-09 12:00:00,B1,Bureau,B,22.9,57.2,462.0,27.0,154.0,Normal,Normal,Dimanche,Non
1151,2025-02-07 12:00:00,B6,Université,D,23.4,57.7,4500.0,51.0,220.6,Boost,Normal,Vendredi,Non
1178,2025-02-14 06:00:00,B4,Bureau,C,22.9,38.9,1252.0,61.0,193.2,Boost,Normal,Vendredi,Oui
1399,2025-04-10 12:00:00,B1,Bureau,A,20.5,36.0,338.0,62.0,128.4,Eco,Normal,Jeudi,Non
1185,2025-02-16 00:00:00,B2,École,A,26.5,43.2,799.0,24.0,139.9,Eco,Normal,Dimanche,Non
1319,2025-03-21 12:00:00,B4,Bureau,D,28.1,54.0,842.0,54.0,197.3,Normal,Normal,Vendredi,Non
1011,2025-01-03 12:00:00,B2,bureau,D,18.1,66.2,897.0,53.0,171.8,Normal,Alerte,Vendredi,Oui
1440,2025-04-20 18:00:00,B2,École,B,30.0,46.1,534.0,73.0,323.8,Boost,Normal,Dimanche,Non
1104,2025-01-26 18:00:00,B1,Bureau,B,29.2,53.7,711.0,57.0,262.5,Boost,Normal,Dimanche,Non
1082,2025-01-21 06:00:00,B6,Université,D,21.9,62.5,859.0,44.0,169.7,Boost,Normal,Mardi,Non
1039,2025-01-10 12:00:00,B3,Hôpital,B,28.5,31.7,718.0,12.0,157.9,Eco,Normal,Vendredi,Non
1318,2025-03-21 06:00:00,B3,Hôpital,B,25.2,66.0,722.0,34.0,144.3,Normal,Normal,Vendredi,Non
1168,2025-02-11 18:00:00,B2,École,D,20.5,50.3,727.0,18.0,121.4,Eco,Normal,Mardi,Non
1477,2025-04-30 00:00:00,B2,École,C,20.8,46.8,755.0,41.0,178.1,Boost,Normal,Mercredi,Non
1300,2025-03-16 18:00:00,B7,Bureau,D,24.8,60.0,1111.0,54.0,148.9,Eco,Normal,Dimanche,Oui
1297,2025-03-16 00:00:00,B1,Bureau,D,29.8,32.8,235.0,73.0,249.2,Normal,Normal,Dimanche,Non
1199,2025-02-19 12:00:00,B1,Bureau,D,22.6,56.9,667.0,1.0,88.8,Normal,Normal,Mercredi,Non
1378,2025-04-05 06:00:00,B7,Bureau,C,24.3,67.3,1066.0,57.0,226.9,Boost,Normal,Samedi,Oui
1147,2025-02-06 12:00:00,B8,Entrepôt,A,22.7,48.8,855.0,36.0,129.4,Eco,Normal,Jeudi,Non
1398,2025-04-10 06:00:00,B7,Bureau,D,20.2,55.0,844.0,32.0,69.8,Eco,Normal,Jeudi,Oui
1148,2025-02-06 18:00:00,B1,Bureau,C,17.8,73.6,,53.0,161.5,Normal,Normal,Jeudi,Non
1421,2025-04-16 00:00:00,B7,Bureau,C,23.3,60.1,828.0,52.0,148.6,Normal,Normal,Mercredi,Non
1290,2025-03-14 06:00:00,B7,Bureau,B,24.6,57.3,891.0,0.0,123.4,Normal,Normal,Vendredi,Oui
1124,2025-01-31 18:00:00,B1,Bureau,C,25.7,67.1,728.0,50.0,210.7,Eco,Normal,Vendredi,Non
1492,2025-05-03 18:00:00,B4,Bureau,B,22.7,39.5,872.0,50.0,148.6,Eco,Normal,Samedi,Non
1097,2025-01-25 00:00:00,B6,Université,B,23.1,62.2,952.0,16.0,134.6,Normal,Normal,Samedi,Oui
1144,2025-02-05 18:00:00,B4,Bureau,D,16.3,31.8,1079.0,72.0,217.5,Normal,Normal,Mercredi,Oui
1240,2025-03-01 18:00:00,B5,Centre commercial,B,28.7,63.3,843.0,51.0,195.2,Eco,Normal,Samedi,Oui
1276,2025-03-10 18:00:00,B1,Bureau,D,26.0,140.0,633.0,25.0,148.3,Normal,Normal,Lundi,Non
1098,2025-01-25 06:00:00,B2,École,B,20.6,57.7,651.0,49.0,126.0,Eco,Normal,Samedi,Non
1354,2025-03-30 06:00:00,B4,Bureau,A,22.9,54.4,604.0,66.0,183.8,Normal,Normal,Dimanche,Non
1123,2025-01-31 12:00:00,B1,Bureau,C,18.6,72.6,768.0,25.0,117.9,Normal,Normal,Vendredi,Non
1184,2025-02-15 18:00:00,B6,Université,B,15.8,52.6,652.0,30.0,142.9,Normal,Normal,Samedi,Non
1203,2025-02-20 12:00:00,B6,Université,A,22.5,64.4,786.0,95.0,213.7,Eco,Alerte,Jeudi,Non
1247,2025-03-03 12:00:00,B7,Bureau,C,25.8,42.8,769.0,13.0,144.0,Normal,Normal,Lundi,Non
1486,2025-05-02 06:00:00,B6,Université,C,23.7,70.5,746.0,34.0,146.5,Eco,Normal,Vendredi,Non
1302,2025-03-17 06:00:00,B3,Hôpital,D,23.4,56.7,438.0,102.0,212.5,Normal,Normal,Lundi,Non
1355,2025-03-30 12:00:00,B5,Centre commercial,C,30.1,47.4,679.0,82.0,295.2,Boost,Normal,Dimanche,Non
1412,2025-04-13 18:00:00,B1,Bureau,C,21.2,54.8,929.0,40.0,,Normal,Normal,Dimanche,Non
1401,2025-04-11 00:00:00,B7,Bureau,C,28.0,72.0,565.0,5.0,168.5,Boost,Normal,Vendredi,Non
1287,2025-03-13 12:00:00,B1,Bureau,B,24.8,52.5,509.0,61.0,247.1,Normal,Normal,Jeudi,Non
1126,2025-02-01 06:00:00,B2,École,D,24.8,-5.0,759.0,57.0,225.2,Boost,Normal,Samedi,Non
1306,2025-03-18 06:00:00,B4,Bureau,B,20.0,51.7,818.0,74.0,187.3,Normal,Normal,Mardi,Non
1224,2025-02-25 18:00:00,B5,Centre commercial,A,26.1,60.6,781.0,34.0,178.2,Normal,Normal,Mardi,Non
1424,2025-04-16 18:00:00,B1,Bureau,D,20.6,63.2,925.0,32.0,145.6,Normal,Normal,Mercredi,Non
1220,date_invalide,B2,École,D,20.9,48.9,1277.0,38.0,142.6,,Normal,,Oui
1130,2025-02-02 06:00:00,B5,Centre commercial,C,19.9,57.9,948.0,39.0,129.5,Normal,Normal,Dimanche,Oui
1426,2025-04-17 06:00:00,B8,Entrepôt,A,25.3,83.8,942.0,84.0,256.8,Normal,Normal,Jeudi,Oui
1292,2025-03-14 18:00:00,B8,Entrepôt,A,25.3,76.4,871.0,92.0,269.2,Normal,Normal,Vendredi,Oui
1332,2025-03-24 18:00:00,B1,Bureau,B,24.8,61.5,1044.0,55.0,179.3,Normal,Normal,Lundi,Oui
1382,2025-04-06 06:00:00,B6,Université,B,22.7,72.9,983.0,35.0,124.7,Eco,Normal,Dimanche,Oui
1482,2025-05-01 06:00:00,B4,Bureau,D,21.6,40.7,799.0,78.0,222.8,Normal,Normal,Jeudi,Non
1359,2025-03-31 12:00:00,B1,Bureau,B,24.4,44.6,506.0,65.0,198.9,Normal,Normal,Lundi,Non
1298,2025-03-16 06:00:00,B4,Bureau,B,26.9,66.6,584.0,52.0,191.2,Normal,Alerte,Dimanche,Non
1295,2025-03-15 12:00:00,B5,Centre commercial,C,23.8,71.3,1014.0,76.0,207.5,Normal,Normal,Samedi,Oui
1371,2025-04-03 12:00:00,B1,Bureau,C,25.1,52.5,4700.0,49.0,185.5,Normal,Normal,Jeudi,Non
1387,2025-04-07 12:00:00,B1,Bureau,A,26.3,61.9,672.0,42.0,183.2,Normal,Normal,Lundi,Non
1113,2025-01-29 00:00:00,B6,Université,A,24.8,68.7,1199.0,0.0,156.2,Boost,Normal,Mercredi,Oui
1180,2025-02-14 18:00:00,B7,Bureau,A,18.5,46.7,653.0,76.0,204.5,Normal,Normal,Vendredi,Non
1311,2025-03-19 12:00:00,B3,Hôpital,A,27.2,38.1,5100.0,109.0,302.7,Normal,Normal,Mercredi,Non
1343,2025-03-27 12:00:00,B2,École,B,27.9,55.5,610.0,49.0,198.7,Normal,Alerte,Jeudi,Non
1334,2025-03-25 06:00:00,B1,Bureau,A,20.4,71.3,757.0,38.0,141.2,Eco,Normal,Mardi,Non
1489,2025-05-03 00:00:00,B3,Hôpital,A,20.8,54.7,498.0,22.0,132.3,Normal,Normal,Samedi,Non
1494,2025-05-04 06:00:00,B3,Hôpital,C,25.4,77.5,937.0,38.0,196.4,Eco,Normal,Dimanche,Oui
1234,2025-02-28 06:00:00,B1,Bureau,B,,72.9,499.0,8.0,70.7,Eco,Normal,Vendredi,Non
1315,2025-03-20 12:00:00,B8,Entrepôt,A,21.3,57.6,810.0,33.0,135.4,Normal,Normal,Jeudi,Non
1165,2025-02-11 00:00:00,B8,Entrepôt,B,29.9,59.2,698.0,43.0,,Normal,Alerte,Mardi,Non
1137,2025-02-04 00:00:00,B4,Bureau,C,24.9,48.0,1003.0,25.0,138.0,Normal,Normal,Mardi,Oui
1198,2025-02-19 06:00:00,B4,,A,22.3,64.6,1115.0,20.0,123.8,Normal,Normal,Mercredi,Oui
1259,2025-03-06 12:00:00,B1,Bureau,D,24.3,69.5,981.0,57.0,201.5,Normal,Normal,Jeudi,Oui
1233,2025-02-28 00:00:00,B7,Bureau,B,22.9,42.7,966.0,29.0,182.7,Boost,Normal,Vendredi,Non
1116,2025-01-29 18:00:00,B5, UNIVERSITÉ,A,22.2,64.4,1092.0,2.0,124.0,Boost,Normal,Mercredi,Oui
1121,2025-01-31 00:00:00,B4,Bureau,B,26.4,40.7,942.0,80.0,282.6,Boost,Panne,Vendredi,Non
1353,2025-03-30 00:00:00,B7,Bureau,B,29.9,89.5,1175.0,71.0,257.1,Normal,Panne,Dimanche,Oui
1225,2025-02-26 00:00:00,B1,Bureau,A,24.0,67.6,681.0,65.0,183.0,Eco,Normal,Mercredi,Non
1408,2025-04-12 18:00:00,B1,Bureau,A,24.1,62.5,303.0,53.0,159.8,,Normal,Samedi,Non
1341,2025-03-27 00:00:00,B7,Bureau,C,24.1,60.5,1027.0,0.0,102.9,Eco,Normal,Jeudi,Oui
1128,2025-02-01 18:00:00,B5,Centre commercial,C,25.4,54.1,839.0,50.0,207.5,Eco,Normal,Samedi,Non
1286,2025-03-13 06:00:00,B7,Bureau,B,28.3,74.4,837.0,18.0,173.9,Normal,Normal,Jeudi,Oui
1417,2025-04-15 00:00:00,B1,Bureau,D,23.5,54.6,965.0,52.0,135.7,Eco,Alerte,Mardi,Non
1108,2025-01-27 18:00:00,B3,Hôpital,C,18.7,59.2,645.0,65.0,195.1,Normal,Normal,Lundi,Non
1375,2025-04-04 12:00:00,B6,Université,A,20.9,52.5,977.0,84.0,195.8,Normal,Normal,Vendredi,Oui
1451,2025-04-23 12:00:00,B2,École,B,20.3,51.7,812.0,,83.4,Normal,Normal,Mercredi,Non
1134,2025-02-03 06:00:00,B7,Bureau,C,28.6,45.1,638.0,64.0,256.7,Normal,Panne,Lundi,Non
1368,2025-04-02 18:00:00,B3,Hôpital,B,24.1,61.2,981.0,50.0,155.6,Eco,Normal,Mercredi,Oui
1045,31/99/2025,B1,Bureau,B,22.8,71.3,953.0,78.0,201.9,Eco,Normal,,Oui
1468,2025-04-27 18:00:00,B1,Bureau,D,20.3,52.3,663.0,24.0,108.5,Eco,Normal,Dimanche,Non
1066,2025-01-17 06:00:00,B2,École,C,25.8,132.0,646.0,14.0,93.6,Eco,Normal,Vendredi,Non
1284,2025-03-12 18:00:00,B4,Bureau,D,29.4,64.1,1494.0,34.0,215.2,Boost,Normal,Mercredi,Oui
1086,2025-01-22 06:00:00,B1,hôpital ,B,23.8,43.6,767.0,10.0,121.8,Normal,Normal,Mercredi,Non
1243,2025-03-02 12:00:00,B3,Hôpital,A,20.4,63.7,838.0,100.0,216.4,Normal,Normal,Dimanche,Non
1187,2025-02-16 12:00:00,B2,École,B,21.7,55.6,852.0,38.0,133.2,Normal,Normal,Dimanche,Non
1389,2025-04-08 00:00:00,B6,Université,A,17.9,56.7,565.0,36.0,120.7,Normal,Alerte,Mardi,Non
1160,2025-02-09 18:00:00,B5,Centre commercial,A,23.5,65.3,833.0,28.0,160.8,Boost,Alerte,Dimanche,Non
1013,2025-01-04 00:00:00,B1,Bureau,C,17.6,58.6,991.0,32.0,88.2,Normal,Normal,Samedi,Oui
1036,2025-01-09 18:00:00,B4,Bureau,D,21.2,-8.0,160.0,25.0,120.2,Normal,Alerte,Jeudi,Non
1029,2025-01-08 00:00:00,B3,Hôpital,C,26.5,44.5,416.0,85.0,258.3,Normal,Normal,Mercredi,Non
1171,2025-02-12 12:00:00,B1,Bureau,B,21.2,57.0,913.0,53.0,214.1,Boost,Normal,Mercredi,Oui
1143,2025-02-05 12:00:00,B4,Bureau,C,20.7,54.1,910.0,56.0,158.3,Eco,Normal,Mercredi,Oui
1404,2025-04-11 18:00:00,B1,Bureau,A,,46.0,950.0,44.0,131.5,Eco,Normal,Vendredi,Oui
1350,2025-03-29 06:00:00,B4,Bureau,C,21.1,79.3,,47.0,135.3,Eco,Normal,Samedi,Non
1222,2025-02-25 06:00:00,B1,Bureau,B,25.8,46.4,882.0,56.0,233.8,Boost,Normal,Mardi,Non
1096,2025-01-24 18:00:00,B8,Entrepôt,A,20.3,110.0,783.0,55.0,121.0,Normal,Normal,Vendredi,Non
1052,2025-01-13 18:00:00,B4,Bureau,D,27.7,50.3,415.0,70.0,249.1,Boost,Alerte,Lundi,Non
1241,2025-03-02 00:00:00,B7,Bureau,B,24.9,65.7,594.0,49.0,145.8,Eco,Normal,Dimanche,Non
1377,2025-04-05 00:00:00,B8,Entrepôt,C,23.8,36.2,1159.0,36.0,163.7,Eco,Normal,Samedi,Oui
1384,2025-04-06 18:00:00,B1,Bureau,B,23.9,68.5,877.0,65.0,193.1,Normal,Normal,Dimanche,Non
1179,2025-02-14 12:00:00,B3,Hôpital,A,23.7,45.2,1106.0,60.0,167.3,Eco,Normal,Vendredi,Oui
1042,2025-01-11 06:00:00,B3,Hôpital,D,24.4,57.4,779.0,0.0,151.1,Boost,Normal,Samedi,Non
1442,2025-04-21 06:00:00,B8,Entrepôt,C,25.3,68.1,576.0,31.0,,Normal,Normal,Lundi,Non
1393,2025-04-09 00:00:00,B2,École,C,23.7,60.5,1162.0,46.0,176.8,Normal,Panne,Mercredi,Oui
1207,2025-02-21 12:00:00,B5,Centre commercial,B,27.0,53.9,488.0,20.0,137.4,Eco,Normal,Vendredi,Non
1283,2025-03-12 12:00:00,B3,Hôpital,C,19.9,64.8,600.0,0.0,26.4,Eco,Normal,Mercredi,Non
1255,2025-03-05 12:00:00,B5,Centre commercial,A,27.2,72.3,727.0,76.0,269.8,Boost,Normal,Mercredi,Non
1418,2025-04-15 06:00:00,B1,Bureau,B,29.1,51.1,789.0,28.0,174.9,Eco,Alerte,Mardi,Non
1005,2025-01-02 00:00:00,B4,Bureau,C,27.5,67.4,672.0,55.0,185.5,Normal,Normal,Jeudi,Non
1257,2025-03-06 00:00:00,B7,Bureau,D,20.7,77.2,942.0,10.0,76.5,Normal,Normal,Jeudi,Non
1455,2025-04-24 12:00:00,B5,Centre commercial,B,24.7,49.0,514.0,47.0,166.6,Normal,Normal,Jeudi,Non
1101,2025-01-26 00:00:00,B6,centre commercial,D,-30.0,40.2,257.0,43.0,144.1,Normal,Normal,Dimanche,Non
1227,2025-02-26 12:00:00,B3,Hôpital,C,20.7,54.8,974.0,77.0,168.7,Normal,Normal,Mercredi,Oui
1433,2025-04-19 00:00:00,B4,Bureau,C,28.4,68.7,744.0,60.0,187.6,Eco,Normal,Samedi,Non
1214,2025-02-23 06:00:00,B8,,D,23.4,44.3,869.0,25.0,127.1,Eco,Normal,Dimanche,Non
1456,2025-04-24 18:00:00,B5,Centre commercial,D,26.8,61.3,843.0,59.0,186.9,Normal,Normal,Jeudi,Non
1172,2025-02-12 18:00:00,B4,Bureau,A,24.6,74.7,398.0,25.0,138.8,Eco,Normal,Mercredi,Non
1099,2025-01-25 12:00:00,B8,Entrepôt,C,26.3,58.3,791.0,71.0,253.8,Boost,Normal,Samedi,Non
1293,2025-03-15 00:00:00,B7,Bureau,B,24.2,61.4,551.0,31.0,143.9,Normal,Normal,Samedi,Non
1216,2025-02-23 18:00:00,B3,Hôpital,B,23.2,-12.0,702.0,41.0,119.8,Normal,Normal,Dimanche,Non
1062,2025-01-16 06:00:00,B5,Centre commercial,D,20.8,63.5,627.0,57.0,171.3,Normal,Normal,Jeudi,Non
1048,2025-01-12 18:00:00,B7,Bureau,D,25.4,62.8,540.0,35.0,179.1,Eco,Normal,Dimanche,Non
1033,2025-01-09 00:00:00,B4,Bureau,A,26.9,53.0,744.0,60.0,189.5,Normal,Normal,Jeudi,Non
1268,2025-03-08 18:00:00,B1,Bureau,B,30.6,60.6,684.0,0.0,179.4,Normal,Normal,Samedi,Non
1328,2025-03-23 18:00:00,B6,Université,A,22.4,61.8,818.0,46.0,134.5,Normal,Normal,Dimanche,Oui
1201,2025-02-20 00:00:00,B2,École,D,26.5,53.2,691.0,42.0,151.8,Eco,Alerte,Jeudi,Non
1453,2025-04-24 00:00:00,B4,Bureau,A,27.0,42.0,657.0,70.0,251.8,Normal,Normal,Jeudi,Non
1028,2025-01-07 18:00:00,B3,Hôpital,C,23.7,37.1,341.0,45.0,169.1,Eco,Normal,Mardi,Non
1395,2025-04-09 12:00:00,B4,Bureau,D,24.7,71.7,994.0,38.0,138.7,Normal,Normal,Mercredi,Oui
1231,2025-02-27 12:00:00,B7,Bureau,D,19.0,35.3,680.0,-8.0,167.9,Eco,Alerte,Jeudi,Non
1261,2025-03-07 00:00:00,B2,École,A,29.8,52.1,682.0,5.0,199.1,Boost,Alerte,Vendredi,Non
1379,2025-04-05 12:00:00,B4,Bureau,A,21.8,52.4,890.0,108.0,236.7,Eco,Normal,Samedi,Oui
1289,2025-03-14 00:00:00,B1,Bureau,C,24.0,49.5,1089.0,48.0,177.2,Boost,Normal,Vendredi,Oui
1163,2025-02-10 12:00:00,B7,Bureau,B,24.5,69.2,777.0,36.0,164.2,Normal,Alerte,Lundi,Non
1434,2025-04-19 06:00:00,B6,Université,C,18.0,57.3,468.0,0.0,79.6,Boost,Normal,Samedi,Non
1139,2025-02-04 12:00:00,B5,Centre commercial,A,25.5,54.8,866.0,44.0,170.6,Normal,Normal,Mardi,Oui
1063,2025-01-16 12:00:00,B3,Hôpital,D,26.3,45.5,952.0,48.0,176.0,Normal,Alerte,Jeudi,Non
1136,2025-02-03 18:00:00,B4,,C,24.1,57.0,831.0,46.0,177.7,Normal,Normal,Lundi,Non
1129,2025-02-02 00:00:00,B3,Hôpital,B,21.4,58.2,657.0,57.0,145.9,Normal,Normal,Dimanche,Non
1484,2025-05-01 18:00:00,B5,Centre commercial,D,24.1,35.8,1011.0,45.0,163.2,Normal,Normal,Jeudi,Oui
1009,2025-01-03 00:00:00,B7,Bureau,C,23.0,55.7,735.0,47.0,187.1,Normal,Alerte,Vendredi,Non
1327,2025-03-23 12:00:00,B2,École,C,24.8,48.9,886.0,79.0,256.2,Normal,Normal,Dimanche,Non
1471,2025-04-28 12:00:00,B3,Hôpital,B,22.5,84.6,1038.0,70.0,165.1,Normal,Alerte,Lundi,Oui
1065,2025-01-17 00:00:00,B4,Bureau,D,25.2,42.1,444.0,64.0,184.3,Eco,Normal,Vendredi,Non
1301,2025-03-17 00:00:00,B4,Bureau,B,24.1,41.1,1086.0,62.0,200.8,Normal,Normal,Lundi,Oui
1015,2025-01-04 12:00:00,B5,Centre commercial,A,28.4,,684.0,34.0,205.5,Normal,Normal,Samedi,Non
1157,2025-02-09 00:00:00,B8,Entrepôt,B,30.6,33.0,241.0,113.0,319.5,Boost,Normal,Dimanche,Non
1041,2025-01-11 00:00:00,B7, Bureau ,D,28.7,30.8,1108.0,59.0,205.8,Eco,Normal,Samedi,Oui
1380,2025-04-05 18:00:00,B3,Hôpital,A,26.7,61.5,858.0,82.0,239.7,Normal,Normal,Samedi,Non
1497,2025-05-05 00:00:00,B7,Bureau,D,24.7,58.4,827.0,50.0,181.5,Normal,Normal,Lundi,Non
1409,2025-04-13 00:00:00,B8,Entrepôt,C,23.0,34.5,756.0,23.0,169.6,Boost,Normal,Dimanche,Non
1217,2025-00-12,B4,Bureau,A,20.7,62.0,854.0,47.0,154.7,Boost,Normal,,Non
1280,2025-03-11 18:00:00,B5,Centre commercial,C,18.3,55.6,785.0,65.0,226.7,Boost,Normal,Mardi,Non
1441,2025-04-21 00:00:00,B6,Université,B,23.5,66.9,680.0,98.0,227.8,Normal,Normal,Lundi,Non
1437,2025-04-20 00:00:00,B1,Bureau,C,24.4,61.7,359.0,84.0,237.8,Normal,Normal,Dimanche,Non
1338,2025-03-26 06:00:00,B7,Bureau,B,17.2,38.2,975.0,45.0,132.6,Normal,Alerte,Mercredi,Non
1237,2025-03-01 00:00:00,B7,Bureau,B,16.7,61.9,661.0,47.0,161.5,Normal,Normal,Samedi,Non
1208,2025-02-21 18:00:00,B2,École,D,16.8,66.0,692.0,46.0,93.1,Eco,Normal,Vendredi,Non
1213,2025-02-23 00:00:00,B1,Bureau,A,21.1,74.8,403.0,40.0,179.8,Boost,Normal,Dimanche,Non
1296,2025-03-15 18:00:00,B7,Bureau,D,23.7,31.0,843.0,,179.3,Normal,Normal,Samedi,Non
1466,2025-04-27 06:00:00,B3,Hôpital,B,25.4,63.1,879.0,35.0,176.2,Normal,Normal,Dimanche,Non
1252,2025-03-04 18:00:00,B7,Bureau,B,26.6,63.8,775.0,43.0,164.6,Eco,Normal,Mardi,Non
1496,2025-05-04 18:00:00,B6,Université,C,19.1,63.8,685.0,23.0,96.0,Normal,Normal,Dimanche,Non
1465,2025-04-27 00:00:00,B4,Bureau,C,18.5,53.1,834.0,32.0,81.0,Eco,Normal,Dimanche,Non
1304,2025-03-17 18:00:00,B2,École,D,23.5,66.9,1064.0,5.0,104.8,Eco,Normal,Lundi,Oui
1351,2025-03-29 12:00:00,B4,Bureau,D,23.0,62.6,873.0,114.0,242.4,Eco,Normal,Samedi,Oui
1270,2025-03-09 06:00:00,B6,Université,A,27.6,49.5,971.0,15.0,149.9,Eco,Normal,Dimanche,Oui
1202,2025-02-20 06:00:00,B1,Bureau,B,28.8,61.4,,33.0,223.7,Boost,Normal,Jeudi,Non
1162,2025-02-10 06:00:00,B7,Bureau,C,18.5,52.4,1101.0,68.0,164.4,Normal,Alerte,Lundi,Oui
1044,2025-01-11 18:00:00,B6,Université,C,29.0,69.5,968.0,33.0,198.8,Eco,Normal,Samedi,Oui
1218,2025-02-24 06:00:00,B6,Université,B,23.8,55.8,262.0,60.0,223.2,Normal,Normal,Lundi,Non
1402,2025-04-11 06:00:00,B2,École,A,22.6,44.0,868.0,62.0,172.5,Eco,Normal,Vendredi,Non
1191,2025-02-17 12:00:00,B2,École,D,31.6,,1057.0,57.0,255.3,BOOST,Normal,Lundi,Oui
1310,2025-03-19 06:00:00,B3,Hôpital,D,23.6,67.1,742.0,68.0,205.8,Normal,Normal,Mercredi,Non
1260,2025-03-06 18:00:00,B8,Entrepôt,D,27.0,57.8,634.0,29.0,176.6,Normal,Normal,Jeudi,Non
1106,2025-01-27 06:00:00,B4,Bureau,B,24.8,57.1,482.0,61.0,228.4,Boost,Normal,Lundi,Non
1054,2025-01-14 06:00:00,B1,Bureau,D,21.5,65.1,1184.0,52.0,117.7,Eco,Alerte,Mardi,Oui
1390,2025-04-08 06:00:00,B1,Bureau,C,17.7,61.4,381.0,0.0,119.3,Normal,Normal,Mardi,Non
1002,2025-01-01 06:00:00,B6,Université,A,25.4,61.0,490.0,26.0,164.4,Normal,Alerte,Mercredi,Non
1448,2025-04-22 18:00:00,B6,Université,D,29.3,37.4,1130.0,48.0,257.2,Normal,Normal,Mardi,Oui
1490,2025-05-03 06:00:00,B7,Bureau,D,20.7,55.0,1005.0,46.0,106.4,Normal,Normal,Samedi,Oui
1050,2025-01-13 06:00:00,B6,Université,B,26.0,57.0,590.0,,218.3,Normal,Alerte,Lundi,Non
1420,2025-04-15 18:00:00,B5,Centre commercial,D,30.6,65.3,541.0,4.0,201.0,Boost,Normal,Mardi,Non
1081,2025-01-21 00:00:00,B1,Bureau,B,23.5,44.1,541.0,-12.0,248.7,Boost,Normal,Mardi,Non
1206,2025-02-21 06:00:00,B6,Université,C,23.2,69.1,443.0,22.0,132.9,normale,Normal,Vendredi,Non
1035,2025-01-09 12:00:00,B6,Université,C,20.9,61.1,516.0,45.0,137.9,Normal,Normal,Jeudi,Non
1431,2025-04-18 12:00:00,B2,École,C,28.6,83.8,5500.0,26.0,172.3,Normal,Normal,Vendredi,Non
1264,2025-03-07 18:00:00,B1,Bureau,B,21.1,38.3,1034.0,74.0,199.2,Normal,Panne,Vendredi,Oui
1428,2025-04-17 18:00:00,B6,Université,C,22.0,72.1,120.0,9.0,100.1,Normal,Normal,Jeudi,Non
1367,2025-04-02 12:00:00,B2,École,D,26.9,41.5,748.0,44.0,218.2,Boost,Normal,Mercredi,Oui
1092,2025-01-23 18:00:00,B3,Hôpital,A,28.0,90.7,1067.0,,211.4,Normal,Alerte,Jeudi,Oui
1340,2025-03-26 18:00:00,B7,Bureau,A,24.1,68.6,982.0,58.0,152.7,Eco,Alerte,Mercredi,Oui
1481,2025-05-01 00:00:00,B3,Hôpital,A,23.2,41.6,877.0,34.0,146.0,Normal,Normal,Jeudi,Non
1053,2025-01-14 00:00:00,B5,Centre commercial,A,16.3,66.7,597.0,20.0,108.4,Normal,Normal,Mardi,Non
1346,2025-03-28 06:00:00,B5,Centre commercial,D,29.0,44.1,834.0,6.0,-100.0,Eco,Normal,Vendredi,Non
1265,2025-03-08 00:00:00,B1,Bureau,C,24.0,68.6,634.0,19.0,131.8,Eco,Normal,Samedi,Non
1242,2025-03-02 06:00:00,B5,Centre commercial,D,26.5,50.1,693.0,59.0,170.8,Eco,Normal,Dimanche,Non
1014,2025-01-04 06:00:00,B7,Bureau,B,19.2,66.9,536.0,100.0,245.1,Boost,Normal,Samedi,Non
1316,2025-03-20 18:00:00,B8,Entrepôt,A,20.5,32.0,926.0,23.0,152.1,Boost,Normal,Jeudi,Non
1089,2025-01-23 00:00:00,B3,Hôpital,D,24.6,46.0,471.0,46.0,203.1,Normal,Normal,Jeudi,Non
1388,2025-04-07 18:00:00,B5,Centre commercial,A,24.2,37.7,533.0,,184.6,Normal,Alerte,Lundi,Non
1274,2025-03-10 06:00:00,B7,Bureau,B,25.4,51.2,837.0,59.0,196.2,Eco,Normal,Lundi,Non
1167,2025-02-11 12:00:00,B4,Bureau,C,29.3,60.3,949.0,24.0,213.1,Boost,Normal,Mardi,Non
1329,2025-03-24 00:00:00,B7,Bureau,A,22.0,63.8,,57.0,198.2,Boost,Normal,Lundi,Non
1500,2025-05-05 18:00:00,B4,Bureau,A,26.0,47.3,750.0,42.0,197.0,Normal,Normal,Lundi,Non
1135,2025-02-03 12:00:00,B1,Bureau,B,22.6,62.4,959.0,59.0,208.5,Normal,Normal,Lundi,Oui
1307,2025-03-18 12:00:00,B3,Hôpital,A,25.6,52.3,886.0,75.0,207.8,Eco,Normal,Mardi,Non
1488,2025-05-02 18:00:00,B5,Centre commercial,A,26.0,29.9,,60.0,238.3,Boost,Normal,Vendredi,Oui
1320,2025-03-21 18:00:00,B7,Bureau,B,27.5,27.2,359.0,33.0,185.8,Normal,Normal,Vendredi,Non
1244,2025-03-02 18:00:00,B3,Hôpital,D,20.4,63.8,829.0,52.0,132.6,Normal,Normal,Dimanche,Non
1055,2025-01-14 12:00:00,B1,Bureau,B,18.6,45.5,757.0,68.0,157.4,Normal,Normal,Mardi,Non
1364,2025-04-01 18:00:00,B3,Hôpital,C,27.1,55.7,979.0,64.0,276.4,Boost,Alerte,Mardi,Oui
1051,2025-01-13 12:00:00,B7,Bureau,D,22.3,68.8,4800.0,33.0,146.5,Normal,Alerte,Lundi,Oui
1463,2025-04-26 12:00:00,B8,Entrepôt,D,25.2,,611.0,64.0,195.7,Eco,Normal,Samedi,Non
1175,2025-02-13 12:00:00,B6,Université,A,18.6,42.8,1393.0,32.0,139.6,Boost,Normal,Jeudi,Oui
1446,2025-04-22 06:00:00,B1,Bureau,D,25.4,45.9,723.0,71.0,196.8,Eco,Normal,Mardi,Non
1190,2025-02-17 06:00:00,B1,Bureau,C,25.1,37.8,432.0,46.0,206.0,Boost,Normal,Lundi,Non
1320,2025-03-21 18:00:00,B7,Bureau,B,27.5,27.2,359.0,33.0,185.8,Normal,Normal,Vendredi,Non
1464,2025-04-26 18:00:00,B1,Bureau,A,12.3,49.9,1300.0,65.0,159.3,Normal,Normal,Samedi,Oui
1188,2025-02-16 18:00:00,B1,Bureau,C,19.8,45.0,928.0,15.0,49.6,Eco,Normal,Dimanche,Non
1170,2025-02-12 06:00:00,B2,École,D,25.0,58.3,444.0,60.0,180.5,Normal,Normal,Mercredi,Non
1059,2025-01-15 12:00:00,B6,Université,C,23.2,47.9,1147.0,11.0,153.8,Boost,Normal,Mercredi,Oui
1049,2025-01-13 00:00:00,B6,Université,A,19.0,50.7,1302.0,48.0,136.1,Normal,Normal,Lundi,Oui
1345,2025-03-28 00:00:00,B1,Bureau,C,25.3,34.5,999.0,22.0,140.7,Normal,Normal,Vendredi,Oui
1236,2025-02-28 18:00:00,B7,Bureau,C,27.6,72.5,485.0,26.0,144.5,Normal,Normal,Vendredi,Non
1253,2025-03-05 00:00:00,B1,Bureau,A,18.8,64.4,623.0,22.0,111.0,Normal,Normal,Mercredi,Non
1022,2025-01-06 06:00:00,B4,Bureau,A,25.4,52.5,810.0,17.0,138.4,Normal,Normal,Lundi,Non
1314,2025-03-20 06:00:00,B2,École,B,24.1,45.4,714.0,37.0,133.0,Normal,Normal,Jeudi,Non
1460,2025-04-25 18:00:00,B5,Centre commercial,C,22.9,60.5,387.0,110.0,225.8,Eco,Normal,Vendredi,Non
1161,2025-02-10 00:00:00,B3,Hôpital,B,26.0,62.7,791.0,21.0,155.1,Normal ,Normal,Lundi,Non
1277,2025-03-11 00:00:00,B2,École,C,26.4,66.5,669.0,48.0,192.5,Normal,Normal,Mardi,Non
1444,2025-04-21 18:00:00,B1,Bureau,A,24.2,65.9,996.0,91.0,247.2,Normal,Normal,Lundi,Oui
1192,2025-02-17 18:00:00,B5,Centre commercial,A,25.3,58.8,907.0,58.0,197.3,Normal,Normal,Lundi,Non
1386,2025-04-07 06:00:00,B5,Centre commercial,C,20.8,66.9,685.0,39.0,166.1,Normal,Normal,Lundi,Non
1294,2025-03-15 06:00:00,B7,Bureau,A,19.8,54.4,1171.0,0.0,93.6,Boost,Normal,Samedi,Oui
1414,2025-04-14 06:00:00,B2,École,B,19.1,40.1,562.0,60.0,173.1,Boost,Normal,Lundi,Non
1344,2025-03-27 18:00:00,B5,Centre commercial,D,15.4,65.9,766.0,70.0,158.0,Normal,Normal,Jeudi,Non
1258,2025-03-06 06:00:00,B3,Hôpital,C,18.0,50.6,505.0,69.0,153.9,Normal,Normal,Jeudi,Non
1309,2025-03-19 00:00:00,B3,Hôpital,B,18.3,60.1,375.0,74.0,194.1,Normal,Normal,Mercredi,Non
1150,2025-02-07 06:00:00,B1,Bureau,B,23.1,72.5,1080.0,,173.6,Normal,Normal,Vendredi,Oui
1131,2025-02-02 12:00:00,B1,entrepot,A,26.3,70.6,1519.0,-2.0,173.4,Normal,Panne,Dimanche,Oui
1152,2025-02-07 18:00:00,B2,École,D,20.4,57.4,1054.0,66.0,168.7,Normal,Normal,Vendredi,Oui
1360,2025-03-31 18:00:00,B5,Centre commercial,B,25.2,,331.0,21.0,144.8,Normal,Normal,Lundi,Non
1100,2025-01-25 18:00:00,B7,Bureau,B,30.4,52.1,431.0,64.0,238.9,Eco,Normal,Samedi,Non
1373,2025-04-04 00:00:00,B4,Bureau,A,17.8,52.1,914.0,75.0,161.7,Normal,Normal,Vendredi,Non
1088,2025-01-22 18:00:00,B4,Bureau,A,21.1,37.9,817.0,38.0,123.1,Normal,Normal,Mercredi,Non
1459,2025-04-25 12:00:00,B3,Hôpital,B,24.9,55.3,729.0,65.0,233.7,Boost,Normal,Vendredi,Non
1331,2025-03-24 12:00:00,B5,Centre commercial,B,22.7,54.6,979.0,-20.0,178.6,Normal,Alerte,Lundi,Oui
1215,2025-02-23 12:00:00,B3,Hôpital,C,27.6,41.1,549.0,32.0,221.4,Boost,Normal,Dimanche,Non
1467,2025-04-27 12:00:00,B4,Bureau,D,25.5,55.7,394.0,59.0,199.3,Normal,Normal,Dimanche,Non
1122,2025-01-31 06:00:00,B3,Hôpital,A,25.4,47.5,867.0,19.0,116.7,Normal,Alerte,Vendredi,Non
1479,2025-04-30 12:00:00,B3,Hôpital,B,23.9,68.9,644.0,27.0,162.5,Normal,Normal,Mercredi,Non
1021,2025-01-06 00:00:00,B2,École,A,95.2,65.0,314.0,43.0,246.3,Normal,Normal,Lundi,Non
1189,2025-02-17 00:00:00,B7,Bureau,D,26.7,56.0,765.0,53.0,226.4,Normal,Normal,Lundi,Non
1072,2025-01-18 18:00:00,B2,École,B,20.7,61.9,1005.0,0.0,108.6,Boost,Normal,Samedi,Oui
1107,2025-01-27 12:00:00,B2,École,C,29.8,66.5,778.0,48.0,243.5,Normal,Normal,Lundi,Non
1271,2025-03-09 12:00:00,B3,Hôpital,B,21.1,66.3,3900.0,53.0,145.8,Eco,Alerte,Dimanche,Oui
1349,2025-03-29 00:00:00,B5,Centre commercial,B,21.6,61.9,959.0,33.0,100.2,Eco,Normal,Samedi,Non
1436,2025-04-19 18:00:00,B7,Bureau,C,21.2,54.5,1066.0,38.0,150.9,Boost,Normal,Samedi,Oui
1103,2025-01-26 12:00:00,B2,École,D,,64.8,584.0,29.0,163.4,Normal,Panne,Dimanche,Non
